,title,genre,author,cover_type,ratings,ranks,price,no_of_reviews,year
0,The Shack: Where Tragedy Confronts Eternity,Fiction,William P. Young,Paperback,4.6,2,6.99,"41,124",2009
1,The Shack: Where Tragedy Confronts Eternity,Fiction,William P. Young,Paperback,4.6,27,6.99,"41,124",2017
6,Liberty and Tyranny: A Conservative Manifesto,Non Fiction,Mark R. Levin,Hardcover,4.8,3,20.31,"5,340",2009
7,"Breaking Dawn (The Twilight Saga, Book 4)",Fiction,Stephenie Meyer,Hardcover,4.7,4,20.49,"25,408",2009
9,Going Rogue: An American Life,Non Fiction,Sarah Palin,Hardcover,4.6,5,6.3,"1,599",2009
10,StrengthsFinder 2.0,Non Fiction,Gallup,Hardcover,4.1,6,19.44,"8,175",2009
11,StrengthsFinder 2.0,Non Fiction,Gallup,Hardcover,4.1,7,19.44,8175,2010
12,StrengthsFinder 2.0,Non Fiction,Gallup,Hardcover,4.1,4,19.44,"8,175",2011
13,StrengthsFinder 2.0,Non Fiction,Gallup,Hardcover,4.1,5,19.44,"8,175",2012
14,StrengthsFinder 2.0,Non Fiction,Gallup,Hardcover,4.1,1,19.44,8176,2013
15,StrengthsFinder 2.0,Non Fiction,Gallup,Hardcover,4.1,1,0.0,1,2014
16,StrengthsFinder 2.0,Non Fiction,Gallup,Hardcover,4.1,5,19.44,"8,176",2015
17,StrengthsFinder 2.0,Non Fiction,Gallup,Hardcover,4.1,2,19.44,16,2016
18,StrengthsFinder 2.0,Non Fiction,Gallup,Hardcover,4.1,25,16.49,"1,324",2017
19,StrengthsFinder 2.0,Non Fiction,Gallup,Hardcover,4.1,78,19.44,16,2018
20,StrengthsFinder 2.0,Non Fiction,Gallup,Hardcover,4.1,72,19.44,"8,176",2019
131,The Help,Fiction,Kathryn Stockett,Hardcover,4.7,7,15.97,"32,977",2009
132,The Help,Fiction,Kathryn Stockett,Hardcover,4.7,4,15.97,"32,978",2010
133,The Help,Fiction,Kathryn Stockett,Paperback,4.7,17,9.89,"32,978",2011
134,The Help,Fiction,Kathryn Stockett,Hardcover,4.7,60,15.97,"32,978",2011
151,New Moon (The Twilight Saga),Fiction,Stephenie Meyer,Paperback,4.6,8,17.0,"20,987",2009
152,The Twilight Saga Collection,Fiction,Stephenie Meyer,Hardcover,4.7,9,58.0,"7,047",2009
153,Outliers: The Story of Success,Non Fiction,Malcolm Gladwell,Hardcover,4.6,10,15.69,"35,936",2009
154,Outliers: The Story of Success,Non Fiction,Malcolm Gladwell,Hardcover,4.6,27,15.69,"35,936",2010
155,Outliers: The Story of Success,Non Fiction,Malcolm Gladwell,Paperback,4.6,60,16.99,"35,936",2012
156,Outliers: The Story of Success,Non Fiction,Malcolm Gladwell,Paperback,4.6,63,16.99,"35,936",2013
173,Eclipse (Twilight),Fiction,Stephenie Meyer,Hardcover,4.7,11,21.61,"20,389",2009
174,"Twilight (The Twilight Saga, Book 1)",Fiction,Stephenie Meyer,Paperback,4.7,12,17.0,"35,134",2009
175,"Glenn Beck's Common Sense: The Case Against an Out-of-Control Government, Inspired by Thomas Paine",Non Fiction,Glenn Beck,Paperback,4.5,13,9.69,"1,428",2009
176,Three Cups of Tea: One Man's Mission to Promote Peace - One School at a Time,Non Fiction,Greg Mortenson,Paperback,4.3,14,13.65,"4,228",2009
178,The Love Dare,Non Fiction,Stephen Kendrick,Paperback,4.8,15,9.0,"3,510",2009
179,"Act Like a Lady, Think Like a Man: What Men Really Think About Love, Relationships, Intimacy, and Commitment",Non Fiction,Steve Harvey,Hardcover,4.5,16,16.18,"8,480",2009
180,"Dog Days (Diary of a Wimpy Kid, Book 4) (Volume 4)",Fiction,Jeff Kinney,Hardcover,4.6,17,11.32,"14,957",2009
181,Under the Dome: A Novel,Fiction,Stephen King,Hardcover,4.4,18,27.64,"13,332",2009
182,The Guernsey Literary and Potato Peel Pie Society,Fiction,Mary Ann Shaffer,Paperback,4.6,19,10.32,"37,098",2009
184,Eat This Not That! Supermarket Survival Guide: The No-Diet Weight Loss Solution,Non Fiction,David Zinczenko,Paperback,4.5,20,13.05,960,2009
185,Arguing with Idiots: How to Stop Small Minds and Big Government,Non Fiction,Glenn Beck,Hardcover,4.6,21,9.62,913,2009
186,"Mastering the Art of French Cooking, Volume I: 50th Anniversary Edition: A Cookbook",Non Fiction,Julia Child,Hardcover,4.8,22,27.62,"8,213",2009
187,"Mastering the Art of French Cooking, Volume I: 50th Anniversary Edition: A Cookbook",Non Fiction,Julia Child,Hardcover,4.8,77,27.62,"8,213",2010
190,Sookie Stackhouse,Fiction,Charlaine Harris,Mass Market Paperback,4.7,23,59.99,"1,002",2009
191,The Time Traveler's Wife,Fiction,Audrey Niffenegger,Paperback,4.4,24,9.68,"10,775",2009
192,"Publication Manual of the American Psychological Association, 6th Edition",Non Fiction,American Psychological Association,Paperback,4.5,25,13.57,"12,978",2009
193,"Publication Manual of the American Psychological Association, 6th Edition",Non Fiction,American Psychological Association,Paperback,4.5,10,13.57,"12,978",2010
194,"Publication Manual of the American Psychological Association, 6th Edition",Non Fiction,American Psychological Association,Paperback,4.5,16,13.57,"12,978",2011
195,"Publication Manual of the American Psychological Association, 6th Edition",Non Fiction,American Psychological Association,Paperback,4.5,17,13.57,"12,978",2012
196,"Publication Manual of the American Psychological Association, 6th Edition",Non Fiction,American Psychological Association,Paperback,4.5,18,13.57,"12,978",2013
197,"Publication Manual of the American Psychological Association, 6th Edition",Non Fiction,American Psychological Association,Paperback,4.5,29,13.57,"12,978",2014
198,"Publication Manual of the American Psychological Association, 6th Edition",Non Fiction,American Psychological Association,Paperback,4.5,66,13.57,"12,978",2019
269,True Compass: A Memoir,Non Fiction,Edward M. Kennedy,Hardcover,4.5,26,10.01,584,2009
270,The 5000 Year Leap,Non Fiction,W. Cleon Skousen,Paperback,4.8,28,10.99,"2,653",2009
271,Good to Great: Why Some Companies Make the Leap and Others Don't,Non Fiction,Jim Collins,Hardcover,4.5,29,18.29,"8,431",2009
272,Good to Great: Why Some Companies Make the Leap and Others Don't,Non Fiction,Jim Collins,Hardcover,4.5,30,18.29,"8,431",2010
273,Good to Great: Why Some Companies Make the Leap and Others Don't,Non Fiction,Jim Collins,Hardcover,4.5,60,18.29,"8,431",2013
289,Eclipse (Twilight Sagas),Fiction,Stephenie Meyer,Paperback,4.7,30,17.0,"20,389",2009
290,"The Five Dysfunctions of a Team: A Leadership Fable, 20th Anniversary Edition",Non Fiction,Patrick Lencioni,Hardcover,4.6,29,18.76,"12,398",2010
291,"The Five Dysfunctions of a Team: A Leadership Fable, 20th Anniversary Edition",Non Fiction,Patrick Lencioni,Hardcover,4.6,53,18.76,"12,402",2014
292,"The Five Dysfunctions of a Team: A Leadership Fable, 20th Anniversary Edition",Non Fiction,Patrick Lencioni,Hardcover,4.6,54,18.76,"12,402",2015
293,"The Five Dysfunctions of a Team: A Leadership Fable, 20th Anniversary Edition",Non Fiction,Patrick Lencioni,Hardcover,4.6,54,18.76,"12,402",2016
318,"The Five Dysfunctions of a Team: A Leadership Fable, 20th Anniversary Edition",Fiction,Patrick Lencioni,Hardcover,4.6,29,18.76,"12,398",2010
319,"The Five Dysfunctions of a Team: A Leadership Fable, 20th Anniversary Edition",Fiction,Patrick Lencioni,Hardcover,4.6,53,18.76,"12,402",2014
320,"The Five Dysfunctions of a Team: A Leadership Fable, 20th Anniversary Edition",Fiction,Patrick Lencioni,Hardcover,4.6,54,18.76,"12,402",2015
321,"The Five Dysfunctions of a Team: A Leadership Fable, 20th Anniversary Edition",Fiction,Patrick Lencioni,Hardcover,4.6,54,18.76,"12,402",2016
322,The Tipping Point: How Little Things Can Make a Big Difference,Non Fiction,Malcolm Gladwell,Paperback,4.4,64,12.99,"8,350",2010
325,Crazy Love: Overwhelmed by a Relentless God,Non Fiction,Francis Chan,Paperback,4.7,17,14.86,"2,261",2010
326,Crazy Love: Overwhelmed by a Relentless God,Non Fiction,Francis Chan,Paperback,4.7,28,14.86,"2,261",2011
327,Crazy Love: Overwhelmed by a Relentless God,Non Fiction,Francis Chan,Paperback,4.7,66,14.86,"2,261",2012
337,The 7 Habits of Highly Effective People: Powerful Lessons in Personal Change,Non Fiction,Stephen R. Covey,Paperback,4.6,51,13.97,"19,946",2010
338,The 7 Habits of Highly Effective People: Powerful Lessons in Personal Change,Non Fiction,Stephen R. Covey,Paperback,4.6,30,13.97,"9,401",2012
339,The 7 Habits of Highly Effective People: Powerful Lessons in Personal Change,Non Fiction,Stephen R. Covey,Paperback,4.7,55,10.39,"9,402",2014
340,The 7 Habits of Highly Effective People: Powerful Lessons in Personal Change,Non Fiction,Stephen R. Covey,Paperback,4.7,30,10.39,"9,402",2016
377,Diary of a Wimpy Kid Do-it-yourself Book,Fiction,Jeff Kinney,Hardcover,4.8,51,12.0,"10,181",2009
378,Diary of a Wimpy Kid Do-it-yourself Book,Fiction,Jeff Kinney,Hardcover,4.8,75,12.0,"10,181",2010
381,Open: An Autobiography,Non Fiction,Andre Agassi,Hardcover,4.6,52,17.66,"20,052",2009
382,Pride and Prejudice and Zombies,Fiction,Jane Austen,Paperback,4.2,53,13.49,2780,2009
383,Cook Yourself Thin: Skinny Meals You Can Make in Minutes,Non Fiction,"Lifetime Television,",Paperback,4.3,54,14.18,915,2009
384,Hungry Girl: 200 Under 200: 200 Recipes Under 200 Calories,Non Fiction,Lisa Lillien,Paperback,4.4,55,11.88,907,2009
385,"Born to Run: A Hidden Tribe, Superathletes, and the Greatest Race the World Has Never Seen",Non Fiction,Christopher McDougall,Hardcover,4.7,56,17.74,"23,847",2009
386,"Born to Run: A Hidden Tribe, Superathletes, and the Greatest Race the World Has Never Seen",Non Fiction,Christopher McDougall,Hardcover,4.7,55,17.74,"23,847",2010
391,A Bold Fresh Piece of Humanity,Non Fiction,Bill O'Reilly,Hardcover,4.6,57,6.11,861,2009
392,The Pioneer Woman Cooks: Recipes from an Accidental Country Girl,Non Fiction,Ree Drummond,Hardcover,4.8,58,12.9,"5,748",2009
393,The Pioneer Woman Cooks: Recipes from an Accidental Country Girl,Non Fiction,Ree Drummond,Hardcover,4.8,63,12.9,"5,748",2010
398,The Book Thief,Fiction,Markus Zusak,Paperback,4.6,59,7.83,"67,213",2009
399,The Book Thief,Fiction,Markus Zusak,Paperback,4.6,67,7.83,"67,213",2011
400,The Book Thief,Fiction,Markus Zusak,Paperback,4.6,73,7.83,"67,213",2012
401,The Book Thief,Fiction,Markus Zusak,Paperback,4.6,15,7.83,"67,213",2013
402,The Book Thief,Fiction,Markus Zusak,Paperback,4.6,18,7.83,"67,213",2014
428,South of Broad,Fiction,Pat Conroy,Hardcover,4.5,60,15.87,"4,071",2009
429,The Omnivore's Dilemma: A Natural History of Four Meals,Non Fiction,Michael Pollan,Paperback,4.6,61,10.59,"5,203",2009
430,The Omnivore's Dilemma: A Natural History of Four Meals,Non Fiction,Michael Pollan,Paperback,4.6,65,10.59,"5,203",2010
433,The Host,Fiction,Stephenie Meyer,Hardcover,4.6,62,16.02,"13,317",2009
434,Master Your Metabolism: The 3 Diet Secrets to Naturally Balancing Your Hormones for a Hot and Healthy Body!,Non Fiction,Jillian Michaels,Hardcover,4.3,63,8.4,"1,037",2009
435,Ford County: Stories,Fiction,John Grisham,Hardcover,4.3,64,9.0,"8,004",2009
436,"Culture of Corruption: Obama and His Team of Tax Cheats, Crooks, and Cronies",Non Fiction,Michelle Malkin,Hardcover,4.6,65,7.74,"1,120",2009
437,Blink: The Power of Thinking Without Thinking,Non Fiction,Malcolm Gladwell,Paperback,4.5,66,12.73,"12,905",2009
438,"Diary of a Wimpy Kid, Book 1",Fiction,Jeff Kinney,Hardcover,4.6,67,10.28,"27,184",2009
439,The Graveyard Book,Fiction,Neil Gaiman,Hardcover,4.7,68,9.82,"14,185",2009
440,An Echo in the Bone (Outlander),Fiction,Diana Gabaldon,Hardcover,4.7,69,26.1,"34,284",2009
441,"The Gathering Storm (Wheel of Time, Book 12)",Fiction,Robert Jordan,Hardcover,4.8,70,20.99,"12,886",2009
442,Dreams from My Father: A Story of Race and Inheritance,Non Fiction,Barack Obama,Paperback,4.7,71,10.7,"10,531",2009
443,Pirate Latitudes: A Novel,Fiction,Michael Crichton,Hardcover,4.2,72,21.75,"6,622",2009
444,The Official SAT Study Guide: For the New SAT (tm),Non Fiction,The College Board,Paperback,4.4,73,49.99,271,2009
445,Getting Things Done: The Art of Stress-Free Productivity,Non Fiction,David Allen,Paperback,4.5,74,12.0,"5,248",2009
447,The Official SAT Study Guide,Non Fiction,The College Board,Paperback,4.4,76,17.99,1559,2009
448,The Official SAT Study Guide,Non Fiction,The College Board,Paperback,4.4,22,20.25,1559,2010
449,The Official SAT Study Guide,Non Fiction,The College Board,Paperback,4.4,20,22.09,"14,427",2011
450,The Official SAT Study Guide,Non Fiction,The College Board,Paperback,4.4,14,18.98,0,2012
451,The Official SAT Study Guide,Non Fiction,The College Board,Paperback,4.4,13,142.09,2,2013
452,The Official SAT Study Guide,Non Fiction,The College Board,Paperback,4.4,19,38.97,11,2014
453,The Official SAT Study Guide,Non Fiction,The College Board,Paperback,4.4,55,9.92,"1,118",2015
454,The Official SAT Study Guide,Non Fiction,The College Board,Paperback,4.5,54,8.22,"2,426",2017
455,The Official SAT Study Guide,Non Fiction,The College Board,Paperback,4.5,66,13.89,"2,426",2018
528,Finger Lickin' Fifteen (A Stephanie Plum Novel) (Stephanie Plum Novels),Fiction,Janet Evanovich,Hardcover,4.5,77,5.95,"7,278",2009
529,Sarah's Key,Fiction,Tatiana de Rosnay,Paperback,4.5,78,10.25,"11,115",2009
531,From Dead to Worse (Sookie Stackhouse/True Blood),Fiction,Charlaine Harris,Mass Market Paperback,4.6,79,7.99,"3,328",2009
532,Wolf Hall,Fiction,Hilary Mantel,Hardcover,4.2,80,23.44,"19,988",2009
533,Catching Fire (The Hunger Games),Fiction,Suzanne Collins,Hardcover,4.7,28,10.9,"64,810",2010
534,Catching Fire (The Hunger Games),Fiction,Suzanne Collins,Hardcover,4.7,11,10.9,"64,810",2011
535,Catching Fire (The Hunger Games),Fiction,Suzanne Collins,Hardcover,4.7,7,10.9,"64,810",2012
545,The Girl Who Kicked the Hornet's Nest (Millennium Trilogy),Fiction,Stieg Larsson,Hardcover,4.6,1,11.56,"25,113",2010
546,The Girl Who Kicked the Hornet's Nest (Millennium Trilogy),Fiction,Stieg Larsson,Hardcover,4.6,30,11.56,"25,113",2011
549,Decision Points,Non Fiction,George W. Bush,Hardcover,4.6,3,13.0,"2,766",2010
550,"The Ugly Truth (Diary of a Wimpy Kid, Book 5)",Fiction,Jeff Kinney,Hardcover,4.7,6,7.64,"19,356",2010
551,Mockingjay (The Hunger Games),Fiction,Suzanne Collins,Hardcover,4.6,8,11.44,"79,798",2010
552,Mockingjay (The Hunger Games),Fiction,Suzanne Collins,Hardcover,4.6,9,11.44,"79,798",2011
553,Mockingjay (The Hunger Games),Fiction,Suzanne Collins,Hardcover,4.6,8,11.44,"79,798",2012
560,Women Food and God: An Unexpected Path to Almost Everything,Non Fiction,Geneen Roth,Hardcover,4.4,9,12.98,"2,650",2010
561,"Autobiography of Mark Twain, Vol. 1",Non Fiction,Mark Twain,Hardcover,4.4,11,7.45,636,2010
562,The Big Short: Inside the Doomsday Machine,Non Fiction,Michael Lewis,Hardcover,4.6,12,15.66,"15,978",2010
564,Food Rules: An Eater's Manual,Non Fiction,Michael Pollan,Paperback,4.4,13,11.6,"4,534",2010
565,"Unbroken: A World War II Story of Survival, Resilience, and Redemption",Non Fiction,Laura Hillenbrand,Hardcover,4.7,14,15.68,"75,415",2010
566,"Unbroken: A World War II Story of Survival, Resilience, and Redemption",Non Fiction,Laura Hillenbrand,Hardcover,4.7,6,15.68,"75,415",2011
567,"Unbroken: A World War II Story of Survival, Resilience, and Redemption",Non Fiction,Laura Hillenbrand,Hardcover,4.7,19,15.68,"75,415",2012
568,"Unbroken: A World War II Story of Survival, Resilience, and Redemption",Non Fiction,Laura Hillenbrand,Hardcover,4.7,51,15.68,"75,415",2013
569,"Unbroken: A World War II Story of Survival, Resilience, and Redemption",Non Fiction,Laura Hillenbrand,Paperback,4.7,10,11.86,"75,415",2014
570,"Unbroken: A World War II Story of Survival, Resilience, and Redemption",Non Fiction,Laura Hillenbrand,Paperback,4.7,62,11.86,"75,415",2015
607,"Dead in the Family (Sookie Stackhouse/True Blood, Book 10)",Fiction,Charlaine Harris,Hardcover,4.5,15,8.8,"5,199",2010
608,Sh*t My Dad Says,Non Fiction,Justin Halpern,Hardcover,4.5,16,12.76,"11,626",2010
609,The Short Second Life of Bree Tanner: An Eclipse Novella (The Twilight Saga),Fiction,Stephenie Meyer,Hardcover,4.7,18,14.99,"6,989",2010
610,Life,Non Fiction,Keith Richards,Hardcover,4.5,19,15.4,"7,269",2010
611,Cutting for Stone,Fiction,Abraham Verghese,Paperback,4.6,20,14.1,"14,569",2010
612,Cutting for Stone,Fiction,Abraham Verghese,Paperback,4.6,23,14.1,"14,569",2011
615,The Daily Show with Jon Stewart Presents Earth (The Book): A Visitor's Guide to the Human Race,Non Fiction,Jon Stewart,Hardcover,4.5,21,11.64,594,2010
616,"Game Change: Obama and the Clintons, McCain and Palin, and the Race of a Lifetime",Non Fiction,John Heilemann,Hardcover,4.5,23,9.0,"1,932",2010
617,The Immortal Life of Henrietta Lacks,Non Fiction,Rebecca Skloot,Hardcover,4.6,24,15.7,"27,806",2010
618,The Immortal Life of Henrietta Lacks,Non Fiction,Rebecca Skloot,Paperback,4.6,18,13.09,"27,806",2011
625,"The Lost Hero (Heroes of Olympus, Book 1)",Fiction,Rick Riordan,Hardcover,4.7,25,13.23,"24,805",2010
627,Teach Like a Champion: 49 Techniques that Put Students on the Path to College,Non Fiction,Doug Lemov,Paperback,4.5,26,15.42,884,2010
628,Teach Like a Champion: 49 Techniques that Put Students on the Path to College,Non Fiction,Doug Lemov,Paperback,4.5,61,15.42,884,2012
633,Switch: How to Change Things When Change Is Hard,Non Fiction,Chip Heath,Hardcover,4.6,55,16.25,"5,543",2011
635,The 5 Love Languages: The Secret to Love That Lasts,Non Fiction,Gary Chapman,Paperback,4.7,27,23.01,"4,967",2011
636,The 5 Love Languages: The Secret to Love That Lasts,Non Fiction,Gary Chapman,Paperback,4.7,21,23.01,"4,967",2012
637,The 5 Love Languages: The Secret to Love That Lasts,Non Fiction,Gary Chapman,Paperback,4.7,17,23.01,"4,967",2013
638,The 5 Love Languages: The Secret to Love That Lasts,Non Fiction,Gary Chapman,Paperback,4.7,26,23.01,"4,967",2014
655,Cleopatra: A Life,Non Fiction,Stacy Schiff,Hardcover,4.2,52,11.47,"2,274",2010
656,Freedom: A Novel,Fiction,Jonathan Franzen,Hardcover,4.2,53,11.14,"5,793",2010
657,Freedom,Fiction,Jonathan Franzen,Hardcover,4.2,54,6.4,"5,793",2010
658,Fall of Giants (The Century Trilogy),Fiction,Ken Follett,Hardcover,4.4,56,21.28,"50,655",2010
659,"Eat, Pray, Love: One Woman's Search for Everything Across Italy, India and Indonesia",Non Fiction,Elizabeth Gilbert,Paperback,4.4,57,14.0,"15,213",2010
660,"Eat Pray Love: One Woman's Search for Everything Across Italy, India and Indonesia",Non Fiction,Elizabeth Gilbert,Paperback,4.4,58,5.69,"15,213",2010
661,Tao I: The Way of All Life,Non Fiction,Zhi Gang Sha Dr.,Hardcover,4.4,59,14.89,96,2010
662,Chelsea Chelsea Bang Bang,Non Fiction,Chelsea Handler,Hardcover,4.4,61,8.64,"1,527",2010
663,Let the Great World Spin: A Novel,Fiction,Colum McCann,Paperback,4.3,62,9.99,"3,644",2010
664,"The Battle of the Labyrinth (Percy Jackson and the Olympians, Book 4)",Fiction,Rick Riordan,Paperback,4.8,67,7.99,"28,680",2010
665,"The 4-Hour Workweek: Escape 9-5, Live Anywhere, and Join the New Rich",Non Fiction,Timothy Ferriss,Hardcover,4.5,68,13.79,"25,771",2010
666,"The 4-Hour Workweek: Escape 9-5, Live Anywhere, and Join the New Rich",Non Fiction,Timothy Ferriss,Hardcover,4.5,68,13.79,"25,771",2011
669,"Full Dark, No Stars",Fiction,Stephen King,Hardcover,4.6,69,21.53,"6,253",2010
670,Sizzling Sixteen (Stephanie Plum Novels),Fiction,Janet Evanovich,Hardcover,4.5,70,10.8,"7,445",2010
671,The Grand Design,Fiction,Stephen Hawking,Hardcover,4.5,71,16.56,"4,115",2010
672,The Overton Window ,Fiction,Glenn Beck,Hardcover,4.6,72,17.0,"1,430",2010
673,Spoken from the Heart,Non Fiction,Laura Bush,Hardcover,4.5,74,10.0,836,2010
674,The Book of Awakening: Having the Life You Want by Being Present to the Life You Have,Non Fiction,Mark Nepo,Paperback,4.7,76,14.4,"4,469",2010
675,Safe Haven,Fiction,Nicholas Sparks,Hardcover,4.6,78,7.99,"15,264",2010
676,"Change Your Brain, Change Your Body: Use Your Brain to Get and Keep the Body You Have Always Wanted",Non Fiction,Daniel G. Amen,Hardcover,4.4,79,14.57,947,2010
677,"The Kind Diet: A Simple Guide to Feeling Great, Losing Weight, and Saving the Planet",Non Fiction,Alicia Silverstone,Hardcover,4.5,80,12.99,"1,689",2010
678,The Glass Castle: A Memoir (book),Non Fiction,Jeannette Walls,Paperback,4.6,66,9.68,"39,239",2011
679,The Glass Castle: A Memoir (book),Non Fiction,Jeannette Walls,Paperback,4.6,59,9.68,"39,239",2017
684,"The 4 Hour Body: An Uncommon Guide to Rapid Fat Loss, Incredible Sex and Becoming Superhuman",Non Fiction,Timothy Ferriss,Hardcover,4.4,25,22.0,"8,283",2011
686,A Guide to the Project Management Body of Knowledge,Non Fiction,Project Management Institute,Paperback,4.4,73,17.56,755,2011
687,A Guide to the Project Management Body of Knowledge,Non Fiction,Project Management Institute,Paperback,4.4,74,17.56,755,2012
692,The Catcher in the Rye,Fiction,J.D. Salinger,Mass Market Paperback,4.4,76,8.93,"37,703",2014
695,Who Moved My Cheese,Fiction,Spencer Johnson,Hardcover,4.6,72,12.99,"24,680",2012
698,Steve Jobs,Non Fiction,Walter Isaacson,Hardcover,4.7,1,18.29,"23,420",2011
699,Steve Jobs,Non Fiction,Walter Isaacson,Hardcover,4.7,27,18.29,"23,420",2012
702,Heaven is for Real: A Little Boy's Astounding Story of His Trip to Heaven and Back,Non Fiction,Todd Burpo,Paperback,4.6,2,10.49,"24,984",2011
703,Heaven is for Real: A Little Boy's Astounding Story of His Trip to Heaven and Back,Non Fiction,Todd Burpo,Paperback,4.6,62,10.49,"24,984",2014
708,"Cabin Fever (Diary of a Wimpy Kid, Book 6)",Fiction,Jeff Kinney,Hardcover,4.7,3,8.81,"20,969",2011
710,The Hunger Games (Book 1),Fiction,Suzanne Collins,Paperback,4.7,5,7.11,"80,711",2011
711,The Hunger Games (Book 1),Fiction,Suzanne Collins,Paperback,4.7,4,7.19,"80,711",2012
712,The Hunger Games (Book 1),Fiction,Suzanne Collins,Paperback,4.7,78,7.19,"80,711",2013
719,Inheritance: Book IV (Inheritance Cycle),Fiction,Christopher Paolini,Hardcover,4.7,7,15.72,"17,169",2011
720,Go the F**k to Sleep,Fiction,Adam Mansbach,Hardcover,4.8,8,13.45,"22,493",2011
721,Go the F**k to Sleep,Fiction,Adam Mansbach,Hardcover,4.8,67,12.81,"22,493",2012
724,Game of Thrones Boxed Set: A Game of Thrones/A Clash of Kings/A Storm of Swords/A Feast for Crows,Fiction,George R.R. Martin,Mass Market Paperback,4.7,10,9.61,"8,392",2011
725,Game of Thrones Boxed Set: A Game of Thrones/A Clash of Kings/A Storm of Swords/A Feast for Crows,Fiction,George R.R. Martin,Mass Market Paperback,4.7,15,9.61,"8,392",2012
726,Game of Thrones Boxed Set: A Game of Thrones/A Clash of Kings/A Storm of Swords/A Feast for Crows,Fiction,George R.R. Martin,Mass Market Paperback,4.7,23,9.61,"8,392",2013
733,The 17 Day Diet: A Doctor's Plan Designed for Rapid Results,Non Fiction,Mike Moreno ,Hardcover,4.3,12,18.0,3214,2011
734,The 17 Day Diet: A Doctor's Plan Designed for Rapid Results,Non Fiction,Mike Moreno,Hardcover,4.3,65,18.0,"3,214",2012
737,A Dance with Dragons (A Song of Ice and Fire),Fiction,George R. R. Martin,Hardcover,4.6,13,19.0,"47,685",2011
738,A Dance with Dragons (A Song of Ice and Fire),Fiction,George R. R. Martin,Hardcover,4.6,56,19.0,"47,685",2012
741,"The Son of Neptune (Heroes of Olympus, Book 2)",Fiction,Rick Riordan,Hardcover,4.8,14,11.39,"25,784",2011
742,Killing Lincoln: The Shocking Assassination that Changed America Forever (Bill O'Reilly's Killing Series),Non Fiction,Bill O'Reilly,Hardcover,4.6,15,14.5,"15,071",2011
743,Killing Lincoln: The Shocking Assassination that Changed America Forever (Bill O'Reilly's Killing Series),Non Fiction,Bill O'Reilly,Hardcover,4.6,18,10.98,"15,071",2012
746,11/22/63: A Novel,Fiction,Stephen King,Hardcover,4.8,19,0.0,"3,334",2011
747,The Hunger Games Trilogy Boxed Set,Fiction,Suzanne Collins,Hardcover,4.8,22,60.49,"47,091",2011
748,The Hunger Games Trilogy Boxed Set,Fiction,Suzanne Collins,Hardcover,4.8,11,60.49,"47,091",2012
751,A Stolen Life: A Memoir,Non Fiction,Jaycee Dugard,Hardcover,4.6,29,21.81,"10,739",2011
752,"Thinking, Fast and Slow",Non Fiction,Daniel Kahneman,Hardcover,4.6,23,19.49,"40,430",2012
753,"Thinking, Fast and Slow",Non Fiction,Daniel Kahneman,Paperback,4.6,56,11.29,"40,430",2017
762,What to Expect When You're Expecting,Non Fiction,Heidi Murkoff,Paperback,4.8,52,17.98,"32,863",2012
763,What to Expect When You're Expecting,Non Fiction,Heidi Murkoff,Paperback,4.8,55,17.98,"32,863",2013
764,What to Expect When You're Expecting,Non Fiction,Heidi Murkoff,Paperback,4.8,70,17.98,"32,863",2014
765,What to Expect When You're Expecting,Non Fiction,Heidi Murkoff,Paperback,4.8,78,17.98,"32,863",2015
766,What to Expect When You're Expecting,Non Fiction,Heidi Murkoff,Paperback,4.8,58,13.3,"32,863",2017
767,What to Expect When You're Expecting,Non Fiction,Heidi Murkoff,Paperback,4.8,61,13.3,"32,863",2018
768,What to Expect When You're Expecting,Non Fiction,Heidi Murkoff,Paperback,4.8,62,13.3,"32,863",2019
818,The Best of Me,Fiction,Nicholas Sparks,Hardcover,4.5,51,14.04,"16,066",2011
819,Jacqueline Kennedy: Historic Conversations on Life with John F. Kennedy,Non Fiction,Jacqueline Kennedy,Hardcover,4.3,52,24.5,763,2011
820,The Greater Journey: Americans in Paris,Non Fiction,David McCullough,Hardcover,4.5,54,12.75,"2,495",2011
821,Every Thing On It,Fiction,Shel Silverstein,Hardcover,4.9,56,11.99,"1,909",2011
822,Miss Peregrine's Home for Peculiar Children,Fiction,Ransom Riggs,Hardcover,4.3,57,10.65,"36,831",2011
823,Moonwalking With Einstein: The Art and Science of Remembering Everything,Non Fiction,Joshua Foer,Hardcover,4.5,58,14.63,"9,835",2011
824,The Great Gatsby: The Only Authorized Edition,Fiction,F. Scott Fitzgerald,Paperback,4.4,59,7.1,"15,450",2011
825,The Great Gatsby: The Only Authorized Edition,Fiction,F. Scott Fitzgerald,Paperback,4.4,9,7.1,"15,450",2013
826,The Great Gatsby: The Only Authorized Edition,Fiction,F. Scott Fitzgerald,Paperback,4.4,52,7.1,"15,450",2015
827,The Great Gatsby: The Only Authorized Edition,Fiction,F. Scott Fitzgerald,Paperback,4.4,53,7.1,"15,450",2016
828,The Great Gatsby: The Only Authorized Edition,Fiction,F. Scott Fitzgerald,Paperback,4.4,60,7.1,"15,450",2017
829,The Great Gatsby: The Only Authorized Edition,Fiction,F. Scott Fitzgerald,Paperback,4.4,79,7.1,"15,450",2019
860,The Great Gatsby: The Only Authorized Edition,Non Fiction,F. Scott Fitzgerald,Paperback,4.4,59,7.1,"15,450",2011
861,The Great Gatsby: The Only Authorized Edition,Non Fiction,F. Scott Fitzgerald,Paperback,4.4,9,7.1,"15,450",2013
862,The Great Gatsby: The Only Authorized Edition,Non Fiction,F. Scott Fitzgerald,Paperback,4.4,52,7.1,"15,450",2015
863,The Great Gatsby: The Only Authorized Edition,Non Fiction,F. Scott Fitzgerald,Paperback,4.4,53,7.1,"15,450",2016
864,The Great Gatsby: The Only Authorized Edition,Non Fiction,F. Scott Fitzgerald,Paperback,4.4,60,7.1,"15,450",2017
865,The Great Gatsby: The Only Authorized Edition,Non Fiction,F. Scott Fitzgerald,Paperback,4.4,79,7.1,"15,450",2019
878,1Q84: A novel,Fiction,Haruki Murakami,Hardcover,4.4,61,48.89,"9,174",2011
879,Boomerang: Travels in the New Third World,Non Fiction,Michael Lewis,Hardcover,4.4,62,12.0,"3,301",2011
880,"Strengths Based Leadership: Great Leaders, Teams, and Why People Follow",Non Fiction,Tom Rath,Hardcover,4.5,64,15.52,"2,621",2011
881,"Strengths Based Leadership: Great Leaders, Teams, and Why People Follow",Non Fiction,Tom Rath,Hardcover,4.5,64,15.52,"2,621",2012
886,Elder Scrolls V: Skyrim: Prima Official Game Guide,Non Fiction,David Hodgson,Paperback,4.6,65,24.99,1871,2011
887,Through My Eyes,Non Fiction,Tim Tebow,Hardcover,4.8,70,8.18,458,2011
888,The Land of Painted Caves: A Novel (Earth's Children),Fiction,Jean M. Auel,Hardcover,4.2,71,20.29,"9,688",2011
889,"The Social Animal: The Hidden Sources of Love, Character, and Achievement",Non Fiction,David Brooks,Hardcover,4.4,72,17.09,"1,216",2011
890,Guinness World Records 2012,Non Fiction,Guinness World Records,Hardcover,4.5,74,14.0,511,2011
891,State of Wonder,Fiction,Ann Patchett,Hardcover,4.3,75,16.2,"9,842",2011
892,A Visit from the Goon Squad,Fiction,Jennifer Egan,Paperback,4.0,76,10.82,"10,408",2011
893,"Prevent And Reverse Heart Disease: The Revolutionary, Scientifically Proven, Nutrition-Based Cure",Non Fiction,Caldwell B. Esselstyn Jr.,Paperback,4.6,77,12.79,6386,2011
894,Harry Potter Paperback Box Set (Books 1-7),Fiction,J. K. Rowling,Paperback,4.9,78,45.44,"112,326",2011
898,Explosive Eighteen: A Stephanie Plum Novel (Stephanie Plum Novels),Fiction,Janet Evanovich,Hardcover,4.5,79,11.99,"9,560",2011
899,Emotional Intelligence 2.0,Non Fiction,Travis Bradberry,Hardcover,4.5,73,14.98,"12,644",2016
900,Emotional Intelligence 2.0,Fiction,Travis Bradberry,Hardcover,4.5,73,14.98,"12,644",2016
902,Forks Over Knives: The Plant-Based Way to Health. The #1 New York Times Bestseller,Non Fiction,Gene Stone,Paperback,4.5,78,15.99,"3,201",2012
904,Fifty Shades Darker,Fiction,E L James,Paperback,4.5,2,9.53,"75,901",2012
906,"Fifty Shades Freed: Book Three of the Fifty Shades Trilogy (Fifty Shades of Grey Series) (English Edition) (Fifty Shades Of Grey Series, 3)",Fiction,E L James,Paperback,4.5,3,11.88,"61,921",2012
908,Fifty Shades Trilogy (Fifty Shades of Grey / Fifty Shades Darker / Fifty Shades Freed),Fiction,E L James,Paperback,4.6,6,23.74,"69,952",2012
909,Fifty Shades Trilogy (Fifty Shades of Grey / Fifty Shades Darker / Fifty Shades Freed),Fiction,E L James,Paperback,4.6,72,23.74,"69,952",2013
912,"The Third Wheel (Diary of a Wimpy Kid, Book 7)",Fiction,Jeff Kinney,Hardcover,4.7,9,13.95,"20,570",2012
913,No Easy Day: The Autobiography of a Navy Seal: The Firsthand Account of the Mission That Killed Osama Bin Laden,Non Fiction,Mark Owen,Hardcover,4.6,10,17.0,"14,254",2012
914,Gone Girl,Fiction,Gillian Flynn,Hardcover,4.1,12,16.98,"161,507",2012
915,Gone Girl,Fiction,Gillian Flynn,Paperback,4.1,17,12.9,"161,507",2014
920,"The Mark of Athena (Heroes of Olympus, Book 3)",Fiction,Rick Riordan,Hardcover,4.8,13,11.37,"31,568",2012
921,Killing Kennedy: The End of Camelot,Non Fiction,Bill O'Reilly,Hardcover,4.5,16,16.0,"15,511",2012
922,Proof of Heaven: A Neurosurgeon's Journey into the Afterlife,Non Fiction,Eben Alexander,Paperback,4.4,20,11.39,"23,611",2012
923,Proof of Heaven: A Neurosurgeon's Journey into the Afterlife,Non Fiction,Eben Alexander,Paperback,4.4,11,11.39,"23,611",2013
926,Barefoot Contessa Foolproof: Recipes You Can Trust: A Cookbook,Non Fiction,Ina Garten,Hardcover,4.8,22,18.29,"2,548",2012
927,The Casual Vacancy,Fiction,J.K. Rowling,Hardcover,3.6,24,9.69,"20,707",2012
928,The Harbinger: The Ancient Mystery that Holds the Secret of America's Future,Fiction,Jonathan Cahn,Paperback,4.7,25,10.59,"24,210",2012
929,The Harbinger: The Ancient Mystery that Holds the Secret of America's Future,Fiction,Jonathan Cahn,Paperback,4.7,80,10.59,"24,210",2013
932,The Power of Habit: Why We Do What We Do in Life and Business,Non Fiction,Charles Duhigg,Hardcover,4.6,26,16.69,"37,094",2012
934,"Wheat Belly: Lose the Wheat, Lose the Weight, and Find Your Path Back to Health",Non Fiction,William Davis,Hardcover,4.4,28,13.75,"10,836",2012
936,The Fault in Our Stars,Fiction,John Green,Hardcover,4.6,14,10.8,"159,988",2013
937,The Fault in Our Stars,Fiction,John Green,Paperback,4.6,4,11.69,"159,988",2014
938,The Fault in Our Stars,Fiction,John Green,Hardcover,4.6,14,10.8,"159,988",2014
948,The Smitten Kitchen Cookbook: Recipes and Wisdom from an Obsessive Home Cook,Non Fiction,Deb Perelman,Hardcover,4.7,51,18.29,"1,967",2012
949,The Walking Dead: Compendium One,Fiction,Robert Kirkman,Paperback,4.8,53,38.99,"8,679",2012
950,The Signal and the Noise: Why So Many Predictions Fail-But Some Don't,Non Fiction,Nate Silver,Hardcover,4.4,54,17.74,"3,702",2012
951,How to Tell If Your Cat Is Plotting to Kill You (The Oatmeal) (Volume 2),Fiction,The Oatmeal,Paperback,4.5,55,7.77,"12,824",2012
952,America Again: Re-becoming the Greatness We Never Weren't,Non Fiction,Stephen Colbert,Hardcover,4.3,57,9.98,651,2012
953,LEGO NINJAGO: Character Encyclopedia,Fiction,DK Publishing,Hardcover,4.5,58,10.0,1036,2012
954,American Sniper: The Autobiography of the Most Lethal Sniper in U.S. Military History,Non Fiction,Chris Kyle,Hardcover,4.5,59,19.04,"42,388",2012
956,Bared to You,Fiction,Sylvia Day,Paperback,4.4,62,13.89,"32,498",2012
957,The Four Agreements: A Practical Guide to Personal Freedom (A Toltec Wisdom Book),Non Fiction,Don Miguel Ruiz,Paperback,4.7,63,7.74,"107,837",2012
958,The Four Agreements: A Practical Guide to Personal Freedom (A Toltec Wisdom Book),Non Fiction,Don Miguel Ruiz,Paperback,4.7,54,7.74,"107,837",2014
959,The Four Agreements: A Practical Guide to Personal Freedom (A Toltec Wisdom Book),Non Fiction,Don Miguel Ruiz,Paperback,4.7,24,7.74,"107,837",2016
960,The Four Agreements: A Practical Guide to Personal Freedom (A Toltec Wisdom Book),Non Fiction,Don Miguel Ruiz,Paperback,4.7,23,7.74,"107,837",2017
961,The Four Agreements: A Practical Guide to Personal Freedom (A Toltec Wisdom Book),Non Fiction,Don Miguel Ruiz,Paperback,4.7,27,7.74,"107,837",2018
962,The Four Agreements: A Practical Guide to Personal Freedom (A Toltec Wisdom Book),Non Fiction,Don Miguel Ruiz,Paperback,4.7,20,7.74,"107,837",2019
1005,Bring Up the Bodies,Fiction,Hilary Mantel,Hardcover,4.5,68,16.99,"18,742",2012
1006,"Great by Choice: Uncertainty, Chaos, and Luck--Why Some Thrive Despite Them All (Good to Great, 5)",Non Fiction,Jim Collins,Hardcover,4.6,69,15.69,"1,593",2012
1007,Eat to Live: The Amazing Nutrient-Rich Program for Fast and Sustained Weight Loss,Non Fiction,Joel Fuhrman MD,Mass Market Paperback,4.5,70,17.99,"11,913",2012
1008,"Reflected in You (Crossfire, Book 2)",Fiction,Sylvia Day,Paperback,4.6,71,10.57,"23,720",2012
1009,"Behind the Beautiful Forevers: Life, Death, and Hope in a Mumbai Undercity",Non Fiction,Katherine Boo,Hardcover,4.2,75,14.35,"9,091",2012
1010,"Deadlocked (Sookie Stackhouse/True Blood, Book 12)",Fiction,Charlaine Harris,Hardcover,4.5,76,14.22,"6,726",2012
1011,"Crucial Conversations Tools for Talking When Stakes Are High, Second Edition",Non Fiction,Kerry Patterson,Paperback,4.6,77,10.11,"11,994",2012
1014,The Jesus Storybook Bible: Every Story Whispers His Name,Non Fiction,Sally Lloyd-Jones,Hardcover,4.9,79,11.69,"12,635",2012
1015,The Jesus Storybook Bible: Every Story Whispers His Name,Non Fiction,Sally Lloyd-Jones,Hardcover,4.9,74,11.69,"12,635",2013
1016,The Jesus Storybook Bible: Every Story Whispers His Name,Non Fiction,Sally Lloyd-Jones,Hardcover,4.9,71,11.69,"12,635",2014
1017,The Jesus Storybook Bible: Every Story Whispers His Name,Non Fiction,Sally Lloyd-Jones,Hardcover,4.9,79,11.69,"12,635",2015
1030,Notorious Nineteen: A Stephanie Plum Novel,Fiction,Janet Evanovich,Hardcover,4.5,80,14.35,"14,601",2012
1031,Wonder,Fiction,R. J. Palacio,Hardcover,4.7,16,9.4,"83,278",2013
1032,Wonder,Fiction,R. J. Palacio,Hardcover,4.7,23,9.4,"83,278",2014
1033,Wonder,Fiction,R. J. Palacio,Hardcover,4.7,1,9.4,"83,278",2017
1034,Wonder,Fiction,R. J. Palacio,Hardcover,4.7,52,9.4,"83,278",2018
1059,Night (Night),Non Fiction,Elie Wiesel,Paperback,4.7,75,6.27,"20,159",2014
1060,Night (Night),Non Fiction,Elie Wiesel,Paperback,4.7,77,6.27,"20,159",2015
1069,"Lean In: Women, Work, and the Will to Lead",Non Fiction,Sheryl Sandberg,Hardcover,4.5,2,14.94,"17,083",2013
1070,"Lean In: Women, Work, and the Will to Lead",Non Fiction,Sheryl Sandberg,Hardcover,4.5,72,14.94,"17,083",2014
1073,"Diary of a Wimpy Kid: Hard Luck, Book 8",Fiction,Jeff Kinney,Hardcover,4.6,3,10.41,"26,414",2013
1074,Rush Revere and the Brave Pilgrims: Time-Travel Adventures with Exceptional Americans (1),Fiction,Rush Limbaugh,Hardcover,4.9,4,11.36,"10,196",2013
1075,Rush Revere and the Brave Pilgrims: Time-Travel Adventures with Exceptional Americans (1),Fiction,Rush Limbaugh,Hardcover,4.9,59,11.36,"10,196",2014
1078,"The House of Hades (Heroes of Olympus, Book 4)",Fiction,Rick Riordan,Hardcover,4.8,7,12.2,"34,109",2013
1079,"Things That Matter: Three Decades of Passions, Pastimes and Politics [Deckled Edge]",Non Fiction,Charles Krauthammer,Hardcover,4.6,8,11.87,"11,067",2013
1080,Killing Jesus (Bill O'Reilly's Killing Series),Non Fiction,Bill O'Reilly,Hardcover,4.5,10,19.39,"21,071",2013
1081,"Diagnostic and Statistical Manual of Mental Disorders, 5th Edition: DSM-5",Non Fiction,American Psychiatric Association,Paperback,4.7,12,93.49,"13,014",2013
1082,"Diagnostic and Statistical Manual of Mental Disorders, 5th Edition: DSM-5",Non Fiction,American Psychiatric Association,Paperback,4.7,22,93.49,"13,014",2014
1083,"Diagnostic and Statistical Manual of Mental Disorders, 5th Edition: DSM-5",Non Fiction,American Psychiatric Association,Paperback,4.7,74,93.49,"13,014",2015
1090,Divergent,Fiction,Veronica Roth,Paperback,4.7,19,5.37,"17,834",2013
1091,Divergent,Fiction,Veronica Roth,Paperback,4.7,13,5.37,"17,834",2014
1094,Laugh-Out-Loud Jokes for Kids,Non Fiction,Rob Elliott,Paperback,4.6,20,4.99,"11,765",2013
1095,Laugh-Out-Loud Jokes for Kids,Non Fiction,Rob Elliott,Paperback,4.6,3,4.99,"11,765",2014
1096,Laugh-Out-Loud Jokes for Kids,Non Fiction,Rob Elliott,Paperback,4.6,3,4.99,"11,765",2015
1097,Laugh-Out-Loud Jokes for Kids,Non Fiction,Rob Elliott,Paperback,4.6,15,4.99,"11,765",2016
1098,Laugh-Out-Loud Jokes for Kids,Non Fiction,Rob Elliott,Paperback,4.6,64,4.99,"11,765",2018
1124,"David and Goliath: Underdogs, Misfits, and the Art of Battling Giants",Non Fiction,Malcolm Gladwell,Hardcover,4.4,22,6.99,"13,519",2013
1125,Allegiant,Fiction,Veronica Roth,Hardcover,4.1,24,9.6,"66,888",2013
1126,Allegiant,Fiction,Veronica Roth,Hardcover,4.1,51,9.6,"66,888",2014
1129,And the Mountains Echoed,Fiction,Khaled Hosseini,Hardcover,4.3,25,10.63,"40,040",2013
1130,Humans of New York,Non Fiction,Brandon Stanton,Hardcover,4.8,26,8.39,"5,579",2013
1131,Humans of New York,Non Fiction,Brandon Stanton,Hardcover,4.8,20,8.39,"5,579",2014
1134,The Legend of Zelda: Hyrule Historia,Fiction,Patrick Thorpe,Hardcover,4.9,27,25.49,10372,2013
1135,Doctor Sleep: A Novel,Fiction,Stephen King,Hardcover,4.6,28,14.89,"41,103",2013
1136,The Goldfinch: A Novel (Pulitzer Prize for Fiction),Fiction,Donna Tartt,Hardcover,4.1,30,18.5,"124,151",2013
1137,The Goldfinch: A Novel (Pulitzer Prize for Fiction),Fiction,Donna Tartt,Hardcover,4.1,21,18.5,"124,151",2014
1140,The Day the Crayons Quit,Fiction,Drew Daywalt,Hardcover,4.8,12,9.4,"22,755",2014
1141,The Day the Crayons Quit,Fiction,Drew Daywalt,Hardcover,4.8,20,9.4,"22,755",2015
1148,The Very Hungry Caterpillar,Fiction,Eric Carle,Board book,4.9,29,5.57,"59,751",2016
1149,The Very Hungry Caterpillar,Fiction,Eric Carle,Board book,4.9,23,5.57,"59,752",2018
1150,The Very Hungry Caterpillar,Fiction,Eric Carle,Board book,4.9,16,5.57,"59,752",2019
1169,"Daring Greatly: How the Courage to Be Vulnerable Transforms the Way We Live, Love, Parent, and Lead",Non Fiction,BrenÃ© Brown,Paperback,4.7,70,8.99,"29,089",2016
1170,"Daring Greatly: How the Courage to Be Vulnerable Transforms the Way We Live, Love, Parent, and Lead",Non Fiction,BrenÃ© Brown,Paperback,4.7,64,8.99,"29,089",2019
1177,"Soul Healing Miracles: Ancient and New Sacred Wisdom, Knowledge, and Practical Techniques for Healing the Spiritual, Mental, Emotional, and Physical Bodies",Non Fiction,Zhi Gang Sha,Hardcover,4.6,77,14.0,289,2014
1179,To Kill a Mockingbird,Fiction,Harper Lee,Mass Market Paperback,4.7,16,11.49,"130,491",2014
1180,To Kill a Mockingbird,Fiction,Harper Lee,Mass Market Paperback,4.7,12,11.49,"130,491",2015
1181,To Kill a Mockingbird,Fiction,Harper Lee,Mass Market Paperback,4.7,16,11.49,"130,491",2016
1182,To Kill a Mockingbird,Fiction,Harper Lee,Paperback,4.7,53,8.89,"130,491",2018
1203,Ender's Game (The Ender Quintet),Fiction,Orson Scott Card,Mass Market Paperback,4.6,52,19.76,"39,908",2013
1204,The Gifts of Imperfection: Let Go of Who You Think You're Supposed to Be and Embrace Who You Are,Non Fiction,BrenÃ© Brown,Paperback,4.7,53,6.64,"40,339",2013
1205,The Gifts of Imperfection: Let Go of Who You Think You're Supposed to Be and Embrace Who You Are,Non Fiction,BrenÃ© Brown,Paperback,4.7,60,6.64,"40,339",2014
1206,The Gifts of Imperfection: Let Go of Who You Think You're Supposed to Be and Embrace Who You Are,Non Fiction,BrenÃ© Brown,Paperback,4.7,57,6.64,"40,339",2015
1207,The Gifts of Imperfection: Let Go of Who You Think You're Supposed to Be and Embrace Who You Are,Non Fiction,BrenÃ© Brown,Paperback,4.7,65,6.64,"40,339",2016
1208,The Gifts of Imperfection: Let Go of Who You Think You're Supposed to Be and Embrace Who You Are,Non Fiction,BrenÃ© Brown,Paperback,4.7,71,6.64,"40,339",2017
1209,The Gifts of Imperfection: Let Go of Who You Think You're Supposed to Be and Embrace Who You Are,Non Fiction,BrenÃ© Brown,Paperback,4.7,60,6.64,"40,339",2019
1222,The Gifts of Imperfection: Let Go of Who You Think You're Supposed to Be and Embrace Who You Are,Fiction,BrenÃ© Brown,Paperback,4.7,53,6.64,"40,339",2013
1223,The Gifts of Imperfection: Let Go of Who You Think You're Supposed to Be and Embrace Who You Are,Fiction,BrenÃ© Brown,Paperback,4.7,60,6.64,"40,339",2014
1224,The Gifts of Imperfection: Let Go of Who You Think You're Supposed to Be and Embrace Who You Are,Fiction,BrenÃ© Brown,Paperback,4.7,57,6.64,"40,339",2015
1225,The Gifts of Imperfection: Let Go of Who You Think You're Supposed to Be and Embrace Who You Are,Fiction,BrenÃ© Brown,Paperback,4.7,65,6.64,"40,339",2016
1226,The Gifts of Imperfection: Let Go of Who You Think You're Supposed to Be and Embrace Who You Are,Fiction,BrenÃ© Brown,Paperback,4.7,71,6.64,"40,339",2017
1227,The Gifts of Imperfection: Let Go of Who You Think You're Supposed to Be and Embrace Who You Are,Fiction,BrenÃ© Brown,Paperback,4.7,60,6.64,"40,339",2019
1246,"The Cuckoo's Calling (A Cormoran Strike Novel, 1)",Fiction,Robert Galbraith,Hardcover,4.2,54,15.7,"71,063",2013
1247,America the Beautiful: Rediscovering What Made This Nation Great,Non Fiction,Ben Carson  M.D.,Paperback,4.7,56,12.44,4609,2013
1248,The Liberty Amendments: Restoring the American Republic,Non Fiction,Mark R. Levin,Hardcover,4.8,57,12.98,"4,338",2013
1249,ZEALOT: The Life and Times of Jesus of Nazareth,Non Fiction,Reza Aslan,Hardcover,4.4,58,13.03,"10,809",2013
1250,SI-COLOGY 1: Tales and Wisdom from Duck Dynasty's Favorite Uncle,Non Fiction,Si Robertson,Hardcover,4.7,61,8.1,"2,567",2013
1251,"IT'S ALL GOOD: Delicious, Easy Recipes That Will Make You Look Good and Feel Great",Non Fiction,Gwyneth Paltrow,Hardcover,4.5,62,24.62,"1,471",2013
1252,Jerusalem: A Cookbook,Non Fiction,Yotam Ottolenghi,Hardcover,4.8,64,19.29,"5,547",2013
1253,"Becoming a Supple Leopard: Movement, Mobility, and Maintenance of the Human Animal",Non Fiction,Kelly Starrett,Hardcover,4.7,65,45.14,3977,2013
1254,"Grain Brain: The Surprising Truth about Wheat, Carbs, and Sugar--Your Brain's Silent Killers",Non Fiction,David Perlmutter MD,Hardcover,4.5,66,16.59,"10,857",2013
1256,Looking for Alaska,Fiction,John Green,Paperback,4.5,67,7.64,"31,735",2013
1258,I Am Malala: The Girl Who Stood Up for Education and Was Shot by the Taliban,Non Fiction,Malala Yousafzai,Hardcover,4.5,68,6.35,"19,923",2013
1259,Love You Forever,Fiction,Robert Munsch,Paperback,4.9,69,4.98,"59,623",2013
1260,Love You Forever,Fiction,Robert Munsch,Paperback,4.9,52,4.98,"59,623",2016
1261,Love You Forever,Fiction,Robert Munsch,Paperback,4.9,72,4.98,"59,623",2017
1262,Love You Forever,Fiction,Robert Munsch,Paperback,4.9,73,4.98,"59,623",2018
1287,The Perks of Being a Wallflower,Fiction,Stephen Chbosky,Paperback,4.7,70,11.22,"38,305",2013
1288,Practical Paleo: A Customized Approach to Health and a Whole-Foods Lifestyle,Non Fiction,Diane Sanfilippo,Paperback,4.6,71,11.98,4689,2013
1289,"The FastDiet: Lose Weight, Stay Healthy, and Live Longer with the Simple Secret of Intermittent Fasting",Non Fiction,Dr Dr Michael Mosley,Hardcover,4.3,73,5.47,14229,2013
1290,Divergent / Insurgent,Fiction,Veronica Roth,Hardcover,4.5,75,9.44,"60,241",2013
1292,"The Bully Pulpit: Theodore Roosevelt, William Howard Taft, and the Golden Age of Journalism",Non Fiction,Doris Kearns Goodwin,Hardcover,4.5,77,19.45,"4,151",2013
1293,Mindset: The New Psychology of Success,Non Fiction,Carol S. S. Dweck,Paperback,4.6,23,12.08,"27,043",2015
1294,Mindset: The New Psychology of Success,Non Fiction,Carol S. S. Dweck,Paperback,4.6,21,11.66,"27,043",2016
1295,Mindset: The New Psychology of Success,Non Fiction,Carol S. S. Dweck,Paperback,4.6,74,11.66,"27,043",2017
1308,"The Care and Keeping of You: The Body Book for Younger Girls, Revised Edition (American Girl Library)",Non Fiction,Valorie Schaefer,Paperback,4.8,78,7.93,"26,276",2014
1309,"The Care and Keeping of You: The Body Book for Younger Girls, Revised Edition (American Girl Library)",Non Fiction,Valorie Schaefer,Paperback,4.8,67,7.93,"26,276",2015
1310,"The Care and Keeping of You: The Body Book for Younger Girls, Revised Edition (American Girl Library)",Non Fiction,Valorie Schaefer,Paperback,4.8,79,7.93,"26,276",2016
1311,"The Care and Keeping of You: The Body Book for Younger Girls, Revised Edition (American Girl Library)",Non Fiction,Valorie Schaefer,Paperback,4.8,51,7.93,"26,276",2017
1312,"The Care and Keeping of You: The Body Book for Younger Girls, Revised Edition (American Girl Library)",Non Fiction,Valorie Schaefer,Paperback,4.8,68,7.93,"26,276",2018
1343,Frozen (Little Golden Book),Fiction, Nancy Cote,Hardcover,4.7,2,5.99,7375,2014
1344,Diary of a Wimpy Kid: The Long Haul,Fiction,Jeff Kinney,Hardcover,4.6,5,8.75,"29,789",2014
1345,What If?: Serious Scientific Answers to Absurd Hypothetical Questions,Non Fiction,Randall Munroe,Hardcover,4.6,7,11.94,"22,513",2014
1346,What If?: Serious Scientific Answers to Absurd Hypothetical Questions,Non Fiction,Randall Munroe,Hardcover,4.6,60,11.94,"22,513",2015
1349,Ultimate Sticker Book: Frozen: More Than 60 Reusable Full-Color Stickers,Fiction,DK,Paperback,4.6,11,5.9,"4,963",2014
1350,Ultimate Sticker Book: Frozen: More Than 60 Reusable Full-Color Stickers,Fiction,DK,Paperback,4.6,75,5.9,"4,963",2015
1353,The Book with No Pictures,Fiction,B. J. Novak,Hardcover,4.8,24,9.9,"19,049",2014
1356,Rush Revere and the First Patriots: Time-Travel Adventures With Exceptional Americans (2),Fiction,Rush Limbaugh,Hardcover,4.9,25,10.99,"5,471",2014
1357,JOURNEY TO THE ICE P,Fiction,RH Disney,Paperback,4.6,28,7.11,"1,100",2014
1358,Little Blue Truck,Fiction,Alice Schertle,Board book,4.9,30,12.26,"1,961",2014
1360,First 100 Words: A Padded Board Book,Non Fiction,Roger Priddy,Board book,4.7,1,4.78,"37,002",2015
1361,First 100 Words: A Padded Board Book,Non Fiction,Roger Priddy,Board book,4.7,3,4.78,"37,002",2016
1362,First 100 Words: A Padded Board Book,Non Fiction,Roger Priddy,Board book,4.7,9,4.78,"37,002",2017
1363,First 100 Words: A Padded Board Book,Non Fiction,Roger Priddy,Board book,4.7,15,4.78,"37,002",2018
1380,All the Light We Cannot See,Fiction,Anthony Doerr,Hardcover,4.5,8,15.12,"215,099",2015
1381,All the Light We Cannot See,Fiction,Anthony Doerr,Hardcover,4.5,55,15.12,"215,099",2016
1387,Thug Kitchen: The Official Cookbook: Eat Like You Give a F*ck (Thug Kitchen Cookbooks),Non Fiction,Thug Kitchen,Hardcover,4.6,30,29.74,"2,943",2017
1394,The Boys in the Boat: Nine Americans and Their Epic Quest for Gold at the 1936 Berlin Olympics,Non Fiction,Daniel James Brown,Paperback,4.6,21,16.99,"82,105",2015
1396,Yes Please,Non Fiction,Amy Poehler,Hardcover,4.2,52,14.0,"20,531",2014
1397,41: A Portrait of My Father,Non Fiction,George W. Bush,Hardcover,4.6,56,11.37,"5,029",2014
1398,Minecraft: The Complete Handbook Collection,Fiction,Stephanie Milton,Hardcover,4.8,57,19.99,"1,434",2014
1399,Frozen: A Tale of Two Sisters,Fiction,Melissa Lagonegro,Paperback,4.4,58,3.79,"2,247",2014
1400,Divergent / Insurgent / Allegiant,Fiction,Veronica Roth,Hardcover,4.6,61,59.98,"4,662",2014
1401,Flash Boys,Non Fiction,Michael Lewis,Hardcover,4.5,63,17.88,"17,841",2014
1402,Rush Revere and the American Revolution: Time-Travel Adventures With Exceptional Americans,Fiction,Rush Limbaugh,Hardcover,4.9,64,11.63,"4,884",2014
1403,Dear Zoo: A Lift-the-Flap Book,Fiction,Rod Campbell,Board book,4.9,65,5.0,"28,290",2014
1404,Dear Zoo: A Lift-the-Flap Book,Fiction,Rod Campbell,Board book,4.9,19,5.0,"28,290",2015
1405,Dear Zoo: A Lift-the-Flap Book,Fiction,Rod Campbell,Board book,4.9,22,5.0,"28,290",2017
1406,Dear Zoo: A Lift-the-Flap Book,Fiction,Rod Campbell,Board book,4.9,69,5.0,"28,290",2019
1427,The World of Ice & Fire: The Untold History of Westeros and the Game of Thrones,Fiction,George R. R. Martin,Hardcover,4.7,67,29.62,"10,471",2014
1428,The Real ACT Prep Guide,Non Fiction,ACT,Paperback,4.4,68,29.92,815,2014
1429,Gray Mountain: A Novel,Fiction,John Grisham,Hardcover,4.0,69,17.24,"86,406",2014
1430,The Invention of Wings,Fiction,Sue Monk Kidd,Hardcover,4.5,73,18.98,"53,610",2014
1431,Lord of the Flies,Fiction,William Golding,Mass Market Paperback,4.5,74,5.79,"45,552",2014
1433,"The Skinnytaste Cookbook: Light on Calories, Big on Flavor",Non Fiction,Gina Homolka,Hardcover,4.7,79,17.27,"8,685",2014
1434,Fahrenheit 451,Fiction,Ray Bradbury,Paperback,4.6,80,8.36,"48,342",2014
1435,Fahrenheit 451,Fiction,Ray Bradbury,Paperback,4.6,66,8.36,"48,342",2015
1436,Fahrenheit 451,Fiction,Ray Bradbury,Paperback,4.6,51,8.36,"48,342",2016
1437,Fahrenheit 451,Fiction,Ray Bradbury,Paperback,4.6,68,8.36,"48,342",2017
1438,Fahrenheit 451,Fiction,Ray Bradbury,Paperback,4.6,71,8.36,"48,342",2019
1464,Paper Towns,Fiction,John Green,Paperback,4.2,61,7.68,"35,548",2015
1466,The Outsiders,Fiction,S. E. Hinton,Paperback,4.8,75,5.74,"36,110",2016
1470,Goodnight Moon,Fiction,Margaret Wise Brown,Board book,4.9,69,5.36,"27,591",2016
1475,Chicka Chicka Boom Boom (Board Book),Fiction,Bill Martin Jr.,Board book,4.9,58,4.59,"37,071",2015
1476,Chicka Chicka Boom Boom (Board Book),Fiction,Bill Martin Jr.,Board book,4.9,78,4.59,"37,071",2016
1479,Chicka Chicka Boom Boom (Board Book),Non Fiction,Bill Martin Jr.,Board book,4.9,58,4.59,"37,071",2015
1480,Chicka Chicka Boom Boom (Board Book),Non Fiction,Bill Martin Jr.,Board book,4.9,78,4.59,"37,071",2016
1481,The Life-Changing Magic of Tidying Up: The Japanese Art of Decluttering and Organizing,Non Fiction,Marie KondÅ,Hardcover,4.5,2,8.89,58643,2015
1482,The Life-Changing Magic of Tidying Up: The Japanese Art of Decluttering and Organizing,Non Fiction,Marie KondÅ,Hardcover,4.5,4,8.89,58643,2016
1483,The Life-Changing Magic of Tidying Up: The Japanese Art of Decluttering and Organizing,Non Fiction,Marie KondÅ,Hardcover,4.5,28,8.89,"58,643",2017
1484,The Life-Changing Magic of Tidying Up: The Japanese Art of Decluttering and Organizing,Non Fiction,Marie KondÅ,Hardcover,4.5,28,8.89,58641,2019
1501,Secret Garden: An Inky Treasure Hunt and Coloring Book for Adults,Non Fiction,Johanna Basford,Paperback,4.7,4,12.15,"15,454",2015
1503,Go Set a Watchman: A Novel,Fiction,Harper Lee,Hardcover,3.8,6,9.99,"52,432",2015
1504,"Enchanted Forest: An Inky Quest and Coloring book (Activity Books, Mindfulness and Meditation, Illustrated Floral Prints)",Non Fiction,Johanna Basford,Paperback,4.7,7,11.97,"8,297",2015
1505,The Girl on the Train,Fiction,Paula Hawkins,Hardcover,4.1,9,9.1,"492,045",2015
1506,The Girl on the Train,Fiction,Paula Hawkins,Paperback,4.1,20,10.33,"492,045",2016
1509,Adult Coloring Book: Stress Relieving Patterns,Non Fiction,Blue Star Coloring,Paperback,4.5,10,6.91,"4,338",2015
1510,Diary of a Wimpy Kid #10: Old School,Fiction,Jeff Kinney,Hardcover,4.7,11,7.67,"31,143",2015
1511,Adult Coloring Book: Stress Relieving Animal Designs,Non Fiction,Blue Star Coloring,Paperback,4.6,13,7.99,"3,983",2015
1512,"Adult Coloring Books: A Coloring Book for Adults Featuring Mandalas and Henna Inspired Flowers, Animals, and Paisley Patterns",Non Fiction,Coloring Books for Adults,Paperback,4.5,14,8.49,"3,189",2015
1513,"Adult Coloring Books: A Coloring Book for Adults Featuring Mandalas and Henna Inspired Flowers, Animals, and Paisley Patterns",Non Fiction,Coloring Books for Adults,Paperback,4.5,68,8.49,"3,189",2016
1516,Humans of New York : Stories,Non Fiction,Brandon Stanton,Hardcover,4.9,15,15.69,"5,378",2015
1517,The Martian,Fiction,Andy Weir,Paperback,4.6,16,10.41,"170,654",2015
1518,"Grey: Fifty Shades of Grey as Told by Christian (Fifty Shades Of Grey Series, 4)",Fiction,E L James,Paperback,4.5,24,12.76,"117,804",2015
1519,The 5 Love Languages: The Secret to Love that Lasts,Non Fiction,Gary Chapman,Paperback,4.8,27,8.39,"89,666",2015
1520,The 5 Love Languages: The Secret to Love that Lasts,Non Fiction,Gary Chapman,Paperback,4.8,9,8.39,"89,666",2016
1521,The 5 Love Languages: The Secret to Love that Lasts,Non Fiction,Gary Chapman,Paperback,4.8,12,8.39,"89,666",2017
1522,The 5 Love Languages: The Secret to Love that Lasts,Non Fiction,Gary Chapman,Paperback,4.8,14,8.39,"89,666",2018
1523,The 5 Love Languages: The Secret to Love that Lasts,Non Fiction,Gary Chapman,Paperback,4.8,10,8.39,"89,666",2019
1544,The Whole30: The 30-Day Guide to Total Health and Food Freedom,Non Fiction,Melissa Hartwig Urban,Hardcover,4.6,10,16.26,"16,476",2016
1545,The Whole30: The 30-Day Guide to Total Health and Food Freedom,Non Fiction,Melissa Hartwig Urban,Hardcover,4.6,10,16.26,"16,476",2017
1546,The Whole30: The 30-Day Guide to Total Health and Food Freedom,Non Fiction,Melissa Hartwig Urban,Hardcover,4.6,54,16.26,"16,476",2018
1556,Lost Ocean: An Inky Adventure and Coloring Book for Adults,Non Fiction,Johanna Basford,Paperback,4.7,53,14.95,"8,243",2015
1557,10-Day Green Smoothie Cleanse,Non Fiction,JJ Smith,Paperback,4.7,56,9.89,"37,670",2015
1560,The Day the Crayons Came Home,Fiction,Drew Daywalt,Hardcover,4.8,59,12.72,"5,808",2015
1561,Get What's Yours: The Secrets to Maxing Out Your Social Security (The Get What's Yours Series),Non Fiction,Laurence J. Kotlikoff,Hardcover,4.2,63,7.27,"3,542",2015
1562,Dragons Love Tacos,Fiction,Adam Rubin,Hardcover,4.8,65,9.92,"18,091",2015
1563,Dragons Love Tacos,Fiction,Adam Rubin,Hardcover,4.8,74,9.92,"18,091",2018
1572,Potty (Leslie Patricelli board books),Fiction,Leslie Patricelli,Board book,4.7,68,8.99,"13,731",2015
1573,Potty (Leslie Patricelli board books),Fiction,Leslie Patricelli,Board book,4.7,80,8.99,"13,731",2016
1576,Thing Explainer: Complicated Stuff in Simple Words,Non Fiction,Randall Munroe,Hardcover,4.5,69,17.69,"4,399",2015
1577,Dead Wake: The Last Crossing of the Lusitania,Non Fiction,Erik Larson,Hardcover,4.4,70,15.02,"31,166",2015
1578,"Inspiralized: Turn Vegetables into Healthy, Creative, Satisfying Meals: A Cookbook",Non Fiction,Ali Maffucci,Paperback,4.4,72,4.72,"3,850",2015
1579,Mystical Mandala Coloring Book (Dover Mandala Coloring Books),Non Fiction,Alberta Hutchinson,Paperback,4.5,73,3.99,"2,991",2015
1580,The 20/20 Diet: Turn Your Weight Loss Vision Into Reality,Non Fiction,Phil McGraw,Hardcover,4.0,76,12.0,"8,930",2015
1581,The Road to Character,Non Fiction,David Brooks,Hardcover,4.3,80,14.26,"6,034",2015
1582,Where Is Baby's Belly Button? A Lift-the-Flap Book,Non Fiction,Karen Katz,Board book,4.8,75,5.0,"13,556",2017
1584,"The Alchemist, 25th Anniversary: A Fable About Following Your Dream",Fiction,Paulo Coelho,Paperback,4.6,57,11.15,"140,585",2016
1585,"The Alchemist, 25th Anniversary: A Fable About Following Your Dream",Fiction,Paulo Coelho,Paperback,4.6,67,11.15,"140,585",2017
1586,"The Alchemist, 25th Anniversary: A Fable About Following Your Dream",Fiction,Paulo Coelho,Paperback,4.6,51,11.15,"140,585",2018
1587,"The Alchemist, 25th Anniversary: A Fable About Following Your Dream",Fiction,Paulo Coelho,Paperback,4.6,65,11.15,"140,585",2019
1604,"Brown Bear, Brown Bear, What Do You See?",Fiction,Bill Martin Jr.,Board book,4.9,56,4.94,"52,402",2016
1605,"Brown Bear, Brown Bear, What Do You See?",Fiction,Bill Martin Jr.,Board book,4.9,59,4.94,"52,401",2018
1614,"Harry Potter and the Cursed Child, Parts 1 & 2, Special Rehearsal Edition Script",Fiction,J.K. Rowling,Hardcover,4.3,1,7.83,"101,716",2016
1615,Diary of a Wimpy Kid #11: Double Down,Fiction,Jeff Kinney,Hardcover,4.7,6,15.4,"28,278",2016
1616,When Breath Becomes Air,Non Fiction,Paul Kalanithi,Hardcover,4.7,7,17.34,"99,633",2016
1617,A Man Called Ove: A Novel,Fiction,Fredrik Backman,Paperback,4.6,11,10.93,"185,952",2016
1618,A Man Called Ove: A Novel,Fiction,Fredrik Backman,Paperback,4.6,20,10.93,"185,952",2017
1621,Killing the Rising Sun: How America Vanquished World War II Japan (Bill O'Reilly's Killing Series),Non Fiction,Bill O'Reilly,Hardcover,4.6,12,18.34,"21,291",2016
1622,The Magnolia Story,Non Fiction,Chip Gaines,Hardcover,4.7,14,9.0,"21,902",2016
1623,Hillbilly Elegy: A Memoir of a Family and Culture in Crisis,Non Fiction,J. D. Vance,Hardcover,4.3,17,14.63,"95,582",2016
1624,Hillbilly Elegy: A Memoir of a Family and Culture in Crisis,Non Fiction,J. D. Vance,Hardcover,4.3,7,14.63,"95,582",2017
1627,Fantastic Beasts and Where to Find Them: The Original Screenplay (Harry Potter),Fiction,J.K. Rowling,Hardcover,4.6,18,13.39,"15,128",2016
1628,Hamilton: The Revolution,Non Fiction,Lin-Manuel Miranda,Hardcover,4.9,19,26.13,"14,245",2016
1629,"The Official SAT Study Guide, 2016 Edition",Non Fiction,The College Board,Paperback,4.4,22,21.0,"1,118",2016
1630,Milk and Honey,Non Fiction,Rupi Kaur,Paperback,4.7,25,7.83,"60,276",2016
1631,Milk and Honey,Non Fiction,Rupi Kaur,Paperback,4.7,2,7.83,"60,276",2017
1636,Born to Run,Non Fiction,Bruce Springsteen,Hardcover,4.6,27,16.99,"12,957",2016
1637,Alexander Hamilton,Non Fiction,Ron Chernow,Paperback,4.7,28,12.64,"31,800",2016
1638,The Wonderful Things You Will Be,Fiction,Emily Winfield Martin,Hardcover,4.9,26,9.4,"28,398",2017
1639,The Wonderful Things You Will Be,Fiction,Emily Winfield Martin,Hardcover,4.9,28,9.4,"28,398",2018
1640,The Wonderful Things You Will Be,Fiction,Emily Winfield Martin,Hardcover,4.9,8,9.4,"28,398",2019
1650,You Are a Badass: How to Stop Doubting Your Greatness and Start Living an Awesome Life,Non Fiction,Jen Sincero,Paperback,4.7,13,8.89,"45,545",2017
1651,You Are a Badass: How to Stop Doubting Your Greatness and Start Living an Awesome Life,Non Fiction,Jen Sincero,Paperback,4.7,18,8.89,"45,545",2018
1658,Calm the F*ck Down: An Irreverent Adult Coloring Book,Non Fiction,Sasha O'Hara,Paperback,4.6,67,6.14,"21,341",2018
1660,"Uninvited: Living Loved When You Feel Less Than, Left Out, and Lonely",Non Fiction,Lysa TerKeurst,Paperback,4.7,52,10.49,"11,658",2017
1662,"Fervent: A Woman's Battle Plan to Serious, Specific and Strategic Prayer",Non Fiction,Priscilla Shirer,Paperback,4.9,58,10.59,"10,808",2016
1663,The Whistler,Fiction,John Grisham,Hardcover,4.3,59,15.68,"103,947",2016
1664,If Animals Kissed Good Night,Fiction,Ann Whitford Paul,Board book,4.8,60,4.19,"73,038",2016
1665,If Animals Kissed Good Night,Fiction,Ann Whitford Paul,Board book,4.8,24,4.19,"73,038",2019
1670,Cooking for Jeffrey: A Barefoot Contessa Cookbook,Non Fiction,Ina Garten,Hardcover,4.7,61,18.63,"2,608",2016
1671,Puppy Birthday to You! (Paw Patrol) (Little Golden Book),Fiction,Golden Books,Hardcover,4.8,64,4.02,"13,764",2016
1673,"Crisis of Character: A White House Secret Service Officer Discloses His Firsthand Experience with Hillary, Bill, and How They Operate",Non Fiction,Gary J. Byrne,Hardcover,4.1,66,9.0,"13,619",2016
1674,First 100 Animals,Non Fiction,Roger Priddy,Board book,4.8,67,5.68,"9,969",2016
1675,Miss Peregrine's Home for Peculiar Children (Miss Peregrine's Peculiar Children),Fiction,Ransom Riggs,Paperback,4.3,71,8.54,"36,831",2016
1676,Grit: The Power of Passion and Perseverance,Non Fiction,Angela Duckworth,Hardcover,4.6,72,15.69,"18,353",2016
1677,The Underground Railroad (Pulitzer Prize Winner) (National Book Award Winner) (Oprah's Book Club): A Novel,Fiction,Colson Whitehead,Hardcover,4.4,74,14.65,"66,680",2016
1678,The Food Lab: Better Home Cooking Through Science,Non Fiction,J. Kenji LÃ³pez-Alt,Hardcover,4.9,76,27.99,"9,966",2016
1679,Me Before You: A Novel (Movie Tie-In),Fiction,Jojo Moyes,Paperback,4.6,77,7.96,"1,232",2016
1680,The Instant Pot Electric Pressure Cooker Cookbook: Easy Recipes for Fast & Healthy Meals,Non Fiction,Laurel Randolph,Paperback,4.4,6,9.93,"13,252",2017
1681,The Instant Pot Electric Pressure Cooker Cookbook: Easy Recipes for Fast & Healthy Meals,Non Fiction,Laurel Randolph,Paperback,4.4,26,9.93,"13,252",2018
1688,The Subtle Art of Not Giving a F*ck: A Counterintuitive Approach to Living a Good Life,Non Fiction,Mark Manson,Hardcover,4.6,4,14.38,"137,840",2017
1689,The Subtle Art of Not Giving a F*ck: A Counterintuitive Approach to Living a Good Life,Non Fiction,Mark Manson,Hardcover,4.6,10,14.38,"137,840",2018
1690,The Subtle Art of Not Giving a F*ck: A Counterintuitive Approach to Living a Good Life,Non Fiction,Mark Manson,Hardcover,4.6,13,14.38,"137,840",2019
1697,The Getaway,Fiction,Jeff Kinney,Hardcover,4.7,5,7.71,"29,518",2017
1698,Astrophysics for People in a Hurry,Non Fiction,Neil deGrasse Tyson,Hardcover,4.6,8,9.99,"35,154",2017
1699,Astrophysics for People in a Hurry,Non Fiction,Neil deGrasse Tyson,Hardcover,4.6,63,9.99,"35,154",2018
1702,The Handmaid's Tale,Fiction,Margaret Atwood,Paperback,4.3,11,9.53,"154,610",2017
1704,What Happened,Non Fiction,Hillary Rodham Clinton,Hardcover,4.5,14,13.08,"11,150",2017
1705,Make Your Bed: Little Things That Can Change Your Life...And Maybe the World,Non Fiction,Admiral William H. McRaven,Hardcover,4.7,16,11.58,"43,583",2017
1706,Make Your Bed: Little Things That Can Change Your Life...And Maybe the World,Non Fiction,Admiral William H. McRaven,Hardcover,4.7,59,11.58,"43,583",2019
1711,Origin: A Novel (Robert Langdon),Fiction,Dan Brown,Hardcover,4.3,19,26.42,"135,656",2017
1712,The Sun and Her Flowers,Non Fiction,Rupi Kaur,Paperback,4.7,21,8.89,"21,572",2017
1714,"Option B: Facing Adversity, Building Resilience, and Finding Joy",Non Fiction,Sheryl Sandberg,Hardcover,4.4,29,13.7,"7,762",2017
1715,The Pout-Pout Fish,Fiction,Deborah Diesen,Board book,4.8,30,4.98,"25,812",2018
1716,The Pout-Pout Fish,Fiction,Deborah Diesen,Board book,4.8,67,4.98,"25,813",2019
1721,Big Little Lies,Fiction,Liane Moriarty,Paperback,4.4,53,13.08,"157,369",2017
1722,The Whole30 Cookbook: 150 Delicious and Totally Compliant Recipes to Help You Succeed with the Whole30 and Beyond,Non Fiction,Melissa Hartwig Urban,Hardcover,4.6,55,15.92,"2,903",2017
1723,The Wisdom of Sundays: Life-Changing Insights from Super Soul Conversations,Non Fiction,Oprah Winfrey,Hardcover,4.6,61,14.67,"2,958",2017
1724,P is for Potty! (Sesame Street) (Lift-the-Flap),Non Fiction,Naomi Kleinberg,Board book,4.7,62,5.19,"30,010",2017
1725,P is for Potty! (Sesame Street) (Lift-the-Flap),Non Fiction,Naomi Kleinberg,Board book,4.7,29,5.19,"30,010",2018
1730,The Rooster Bar,Fiction,John Grisham,Hardcover,4.0,63,16.66,"55,409",2017
1731,The Giving Tree,Fiction,Shel Silverstein,Hardcover,4.9,64,10.98,"32,229",2017
1733,She Persisted: 13 American Women Who Changed the World,Non Fiction,Chelsea Clinton,Hardcover,4.8,65,10.01,"3,171",2017
1734,On Tyranny: Twenty Lessons from the Twentieth Century,Non Fiction,Timothy Snyder,Paperback,4.7,66,6.3,"28,747",2017
1735,Camino Island: A Novel,Fiction,John Grisham,Hardcover,4.2,69,14.99,"78,856",2017
1736,Turtles All the Way Down,Fiction,John Green,Hardcover,4.4,70,11.99,"24,478",2017
1737,Grant,Non Fiction,Ron Chernow,Hardcover,4.8,76,21.49,"13,457",2017
1738,Sapiens: A Brief History of Humankind,Non Fiction,Yuval Noah Harari,Hardcover,4.6,78,21.49,"133,927",2017
1739,Sapiens: A Brief History of Humankind,Non Fiction,Yuval Harari,Paperback,4.6,72,13.0,"133,959",2018
1740,Sapiens: A Brief History of Humankind,Non Fiction,Yuval Harari,Paperback,4.6,61,13.0,"133,934",2019
1747,The Intelligent Investor Rev Ed.: The Definitive Book on Value Investing,Non Fiction,Benjamin Graham,Paperback,4.7,79,16.54,"38,373",2017
1748,"The Plant Paradox: The Hidden Dangers in ""Healthy"" Foods That Cause Disease and Weight Gain (The Plant Paradox, 1)",Non Fiction,Dr. Steven R Gundry  MD,Hardcover,4.4,80,15.15,"16,108",2017
1749,"The Plant Paradox: The Hidden Dangers in ""Healthy"" Foods That Cause Disease and Weight Gain (The Plant Paradox, 1)",Non Fiction,Dr. Steven R Gundry  MD,Hardcover,4.4,19,12.29,"16,108",2018
1752,Beneath a Scarlet Sky: A Novel,Fiction,Mark Sullivan,Paperback,4.6,60,13.46,"221,837",2018
1754,Principles: Life and Work,Non Fiction,Ray Dalio,Hardcover,4.6,62,18.98,"17,254",2018
1756,The Complete Ketogenic Diet for Beginners: Your Essential Guide to Living the Keto Lifestyle,Non Fiction,Amy Ramos,Paperback,4.3,12,6.98,"31,157",2018
1759,Becoming,Non Fiction,Michelle Obama,Hardcover,4.8,1,15.47,"195,535",2018
1760,Becoming,Non Fiction,Michelle Obama,Hardcover,4.8,2,15.47,"195,535",2019
1763,"Girl, Wash Your Face: Stop Believing the Lies About Who You Are So You Can Become Who You Were Meant to Be",Non Fiction,Rachel Hollis,Hardcover,4.5,5,11.89,"41,015",2019
1765,The Wonky Donkey,Fiction,Craig Smith,Paperback,4.8,3,5.28,"80,484",2018
1766,The Wonky Donkey,Fiction,Craig Smith,Paperback,4.8,12,5.28,"80,484",2019
1769,Fire and Fury: Inside the Trump White House,Non Fiction,Michael Wolff,Hardcover,4.0,4,6.45,"48,878",2018
1770,Fear: Trump in the White House,Non Fiction,Bob Woodward,Hardcover,4.4,5,12.99,"19,332",2018
1771,12 Rules for Life: An Antidote to Chaos,Non Fiction,Jordan B. Peterson,Hardcover,4.7,7,14.43,"58,004",2018
1772,12 Rules for Life: An Antidote to Chaos,Non Fiction,Jordan B. Peterson,Hardcover,4.7,73,14.43,"58,004",2019
1775,Magnolia Table,Non Fiction,Joanna Gaines,Hardcover,4.8,8,14.86,"34,289",2018
1777,Whose Boat Is This Boat?: Comments That Don't Help in the Aftermath of a Hurricane,Non Fiction,The Staff of The Late Show with Stephen Colbert,Hardcover,4.6,9,10.16,"10,532",2018
1778,"A Higher Loyalty: Truth, Lies, and Leadership",Non Fiction,James Comey,Hardcover,4.6,11,12.0,"17,426",2018
1779,Diary of a Wimpy Kid #13: Meltdown,Fiction,Jeff Kinney,Hardcover,4.8,13,7.2,"30,138",2018
1780,Dog Man: Lord of the Fleas: From the Creator of Captain Underpants (Dog Man #5),Fiction,Dav Pilkey,Hardcover,4.8,16,8.54,"18,748",2018
1781,Educated: A Memoir,Non Fiction,Tara Westover,Hardcover,4.6,17,14.66,"208,290",2018
1782,Educated: A Memoir,Non Fiction,Tara Westover,Hardcover,4.6,3,14.66,"208,290",2019
1785,Homebody: A Guide to Creating Spaces You Never Want to Leave,Non Fiction,Joanna Gaines,Hardcover,4.8,22,20.9,"11,620",2018
1786,Crazy Rich Asians (Crazy Rich Asians Trilogy),Fiction,Kevin Kwan,Paperback,4.3,24,10.95,"52,765",2018
1787,"Salt, Fat, Acid, Heat: Mastering the Elements of Good Cooking",Non Fiction,Samin Nosrat,Hardcover,4.8,15,26.87,"22,322",2019
1789,Dog Man: Brawl of the Wild: From the Creator of Captain Underpants (Dog Man #6),Fiction,Dav Pilkey,Hardcover,4.8,22,9.1,"21,307",2019
1791,"School Zone - Big Preschool Workbook - 320 Pages, Ages 3 to 5, Colors, Shapes, Numbers, Early Math, Alphabet, Pre-Writing, Phonics, Following Directions, and More (School Zone Big Workbook Series)",Non Fiction,School Zone,Paperback,4.8,9,7.49,"70,725",2019
1793,Everybody Always: Becoming Love in a World Full of Setbacks and Difficult People,Non Fiction,Bob Goff,Paperback,4.8,56,10.99,"8,929",2018
1794,Before We Were Yours: A Novel,Fiction,Lisa Wingate,Hardcover,4.6,57,14.76,"141,531",2018
1795,The Reckoning: A Novel,Fiction,John Grisham,Hardcover,4.1,58,15.73,"62,673",2018
1796,"Medical Medium Liver Rescue: Answers to Eczema, Psoriasis, Diabetes, Strep, Acne, Gout, Bloating, Gallstones, Adrenal Stress, Fatigue, Fatty Liver, Weight Issues, SIBO & Autoimmune Disease",Non Fiction,Anthony William,Hardcover,4.7,65,26.37,"11,788",2018
1798,The Outsider: A Novel,Fiction,Stephen King,Hardcover,4.5,69,15.68,"55,928",2018
1799,Where the Crawdads Sing,Fiction,Delia Owens,Hardcover,4.7,70,14.67,"611,916",2018
1800,Where the Crawdads Sing,Fiction,Delia Owens,Hardcover,4.7,1,14.67,"611,916",2019
1801,Where the Crawdads Sing,Fiction,Delia Owens,Paperback,4.7,63,11.14,"611,916",2019
1808,The Woman in the Window: A Novel,Fiction,A. J. Finn,Hardcover,4.3,75,12.98,"130,105",2018
1809,D&D Monster Manual (Dungeons & Dragons Core Rulebook),Fiction,Dungeons & Dragons,Hardcover,4.9,76,16.49,"27,073",2018
1810,Simply Keto: A Practical Approach to Health & Weight Loss with 100+ Easy Low-Carb Recipes,Non Fiction,Suzanne Ryan,Paperback,4.6,77,17.29,"10,164",2018
1812,Extreme Ownership: How U.S. Navy SEALs Lead and Win (New Edition),Non Fiction,Jocko Willink,Hardcover,4.8,79,17.04,"34,963",2018
1813,The Russia Hoax: The Illicit Scheme to Clear Hillary Clinton and Frame Donald Trump,Non Fiction,Gregg Jarrett,Hardcover,4.8,80,9.0,"6,064",2018
1814,Rich Dad Poor Dad: What the Rich Teach Their Kids About Money That the Poor and Middle Class Do Not!,Non Fiction,Robert T. Kiyosaki,Mass Market Paperback,4.7,52,7.49,"89,637",2019
1816,Dog Man: For Whom the Ball Rolls: From the Creator of Captain Underpants (Dog Man #7),Fiction,Dav Pilkey,Hardcover,4.9,4,6.79,"25,515",2019
1817,Wrecking Ball (Diary of a Wimpy Kid Book 14),Fiction,Jeff Kinney,Hardcover,4.9,7,11.99,"19,080",2019
1818,"Girl, Stop Apologizing: A Shame-Free Plan for Embracing and Achieving Your Goals",Non Fiction,Rachel Hollis,Hardcover,4.6,11,13.2,"16,649",2019
1819,"What Should Danny Do? (The Power to Choose Series) (The Power to Choose, 1)",Fiction,Adir Levy,Hardcover,4.8,17,11.99,"23,341",2019
1820,It's Not Supposed to Be This Way: Finding Unexpected Strength When Disappointments Leave You Shattered,Non Fiction,Lysa TerKeurst,Hardcover,4.8,18,14.47,"19,148",2019
1821,Unfreedom of the Press,Non Fiction,Mark R. Levin,Hardcover,4.9,21,12.99,"9,317",2019
1822,Howard Stern Comes Again,Non Fiction,Howard Stern,Hardcover,4.5,26,18.12,"10,217",2019
1823,Guts: A Graphic Novel,Non Fiction,Raina Telgemeier,Paperback,4.8,27,6.79,"17,087",2019
1824,National Geographic Little Kids First Big Book of Why (National Geographic Little Kids First Big Books),Non Fiction,Amy Shields,Hardcover,4.8,30,11.96,"18,779",2019
1825,Zen as F*ck (Zen as F*ck Journals),Non Fiction,Monica Sweeney,Paperback,4.7,51,13.49,"24,501",2019
1826,The Institute: A Novel,Fiction,Stephen King,Hardcover,4.6,53,15.83,"56,332",2019
1827,The Testaments: The Sequel to The Handmaid's Tale,Fiction,Margaret Atwood,Hardcover,4.6,54,14.76,"67,689",2019
1828,Atomic Habits: An Easy & Proven Way to Build Good Habits & Break Bad Ones,Non Fiction,James Clear,Hardcover,4.8,58,13.79,"112,013",2019
1829,Talking to Strangers: What We Should Know about the People We Don't Know,Non Fiction,Malcolm Gladwell,Hardcover,4.4,68,13.77,"22,552",2019
1830,The Overstory: A Novel,Fiction,Richard Powers,Paperback,4.4,70,13.39,"36,714",2019
1831,Eleanor Oliphant Is Completely Fine: A Novel,Fiction,Gail Honeyman,Paperback,4.5,74,8.39,"226,373",2019
1832,Me: Elton John Official Autobiography,Non Fiction,Elton John,Hardcover,4.7,75,9.9,"27,342",2019
1833,The Road Back to You: An Enneagram Journey to Self-Discovery,Non Fiction,Ian Morgan Cron,Hardcover,4.7,76,9.99,"12,563",2019
1834,The Tattooist of Auschwitz: A Novel,Fiction,Heather Morris,Paperback,4.6,77,9.39,"158,421",2019
1835,People of Walmart Adult Coloring Book: Rolling Back Dignity,Non Fiction,Andrew Kipple,Paperback,4.7,78,12.96,"11,494",2019
1836,The Complete Cookbook for Young Chefs: 100+ Recipes that You'll Love to Cook and Eat,Non Fiction,Americaâs Test Kitchen Kids,Hardcover,4.8,80,10.49,21362,2019
